length,n_ns,n_vowels,n_vowel_chars,n_constant_chars,n_num,n_other_chars,entropy,ns_similarity,n_countries,n_mx,n_labels,life_time
10,4,2,4,5,0,0,2.6464393446710153,0.9333333333333335,1,1,307,11322
13,4,2,4,8,0,0,3.0269868333592873,0.8313030638612035,1,1,350,12785
16,13,2,5,9,0,1,3.0306390622295662,0.9473684210526304,0,0,0,13879
7,2,3,3,3,0,0,2.807354922057604,1.0,1,1,809,10230
12,4,3,5,6,0,0,3.0220552088742,0.9444444444444445,1,1,177,13514
13,4,2,5,7,0,0,3.0269868333592873,0.6900067508985116,1,1,1499,7821
7,2,2,2,4,0,0,2.807354922057604,1.0,1,1,2,8767
9,4,3,3,5,0,0,2.94770277922009,0.9333333333333335,1,6,834,14246
11,4,3,5,5,0,0,3.0957952550009344,0.9333333333333335,1,1,419,7670
14,4,4,6,7,0,0,3.3248629576173565,0.9333333333333335,1,0,0,7670
14,5,4,5,8,0,0,3.378783493486176,0.9473684210526316,1,4,1970,8766
10,13,3,5,4,0,0,2.8464393446710154,0.8688556308386632,0,2,0,9862
13,4,3,4,8,0,0,3.3927474104487847,0.9473684210526315,1,2,210,10592
11,8,3,3,7,0,0,3.027169118440619,0.9206349206349204,1,10,176,9497
14,13,3,7,6,0,0,3.128085278891395,0.862850794081929,0,2,0,8766
11,4,3,3,7,0,0,3.095795255000934,0.9333333333333335,1,0,0,6575
10,4,3,4,5,0,0,2.721928094887362,0.8313030638612035,1,0,884,9862
9,4,4,4,4,0,0,3.169925001442312,0.8313030638612035,1,1,0,11322
12,8,3,4,7,0,0,3.2516291673878226,0.5691229837010484,1,4,739,8401
8,4,3,3,4,0,0,3.0,0.8313030638612035,1,1,350,11322
15,4,3,7,7,0,0,3.106890595608519,0.9333333333333335,1,0,252,8401
20,4,3,8,11,0,0,3.2464393446710154,0.9333333333333335,1,0,0,5114
13,4,2,4,7,0,1,3.334679141051595,0.9444444444444445,0,0,0,730
10,8,2,4,5,0,0,2.7219280948873625,0.818262721755369,1,1,56,11321
9,4,1,1,7,0,0,2.94770277922009,0.9444444444444445,2,0,177,9497
10,9,2,3,6,0,0,2.9219280948873623,0.6754056688267215,0,2,0,9861
13,3,4,6,6,0,0,3.334679141051595,0.9444444444444443,1,2,1043,9131
13,6,2,3,9,0,0,3.0850551027564768,0.8512724014336917,0,0,0,2922
19,4,3,7,11,0,0,3.40582225028569,0.8313030638612035,0,1,0,8401
11,2,2,3,7,0,0,3.095795255000934,1.0,1,0,372,0
15,4,4,5,9,0,0,3.506890595608519,0.9333333333333335,1,5,834,10959
21,4,3,8,12,0,0,3.4039894464852614,0.9333333333333335,1,0,0,6209
17,4,5,6,10,0,0,3.734521664779752,0.8388888888888889,0,0,0,10591
12,4,1,3,7,0,1,3.0220552088742,0.9411764705882354,0,0,0,4383
10,8,3,3,6,0,0,3.321928094887362,0.5478366633906195,1,5,1544,6940
18,4,3,6,11,0,0,3.350209029099897,0.790079365079365,0,0,0,7305
13,4,2,3,8,0,1,3.238901256602631,0.9333333333333335,0,0,0,4383
10,4,3,4,5,0,0,2.9219280948873623,0.8313030638612035,0,0,0,11322
10,4,2,2,7,0,0,3.121928094887362,0.9333333333333335,1,2,1292,5844
10,4,3,4,5,0,0,2.9219280948873623,0.9333333333333335,1,2,56,9862
13,4,2,3,9,0,0,3.0269868333592873,0.9444444444444445,1,1,652,8401
12,4,2,3,8,0,0,3.084962500721156,0.9444444444444445,2,0,1209,9131
11,4,3,4,6,0,0,3.0957952550009344,0.9333333333333335,0,0,0,4748
9,4,2,2,6,0,0,3.169925001442312,0.8388888888888889,1,1,642,8401
12,2,1,3,7,0,1,3.188721875540867,0.0,0,0,0,4383
8,8,2,2,5,0,0,3.0,0.5544136910219801,1,1,222,10959
17,6,3,5,9,0,2,3.4548223999466066,0.9545454545454549,0,0,0,1096
8,4,3,4,3,0,0,2.75,0.9333333333333335,1,2,419,0
11,4,3,3,7,0,0,3.459431618637298,0.6672554281471887,2,5,108,10226
13,4,3,4,8,0,0,3.392747410448785,0.9316816816816819,1,5,0,6209
17,8,3,6,10,0,0,3.2639334294856344,0.5988678660049629,0,2,0,9094
12,3,2,4,6,0,1,3.188721875540867,0.9411764705882352,0,0,0,4383
14,4,4,5,8,0,0,3.6644977792004623,0.8388888888888889,1,1,350,9861
16,4,3,3,12,0,0,3.75,0.681465431920437,1,0,0,3653
9,5,2,4,4,0,0,2.6416041678685938,0.9285714285714286,1,3,2302,11324
12,10,3,4,7,0,0,3.2516291673878226,0.6592592592592591,1,1,1909,11321
21,4,4,8,12,0,0,3.630412660873998,0.9333333333333335,1,1,309,8400
6,4,1,2,3,0,0,1.9182958340544893,0.9333333333333335,1,0,637,7498
12,4,2,3,8,0,0,3.2516291673878226,0.9444444444444445,2,2,1209,9131
14,4,3,4,9,0,0,3.378783493486176,0.6592432096982148,0,0,0,6574
9,6,3,4,4,0,0,2.9477027792200903,0.8254032258064515,2,2,0,14425
16,4,1,3,11,0,1,3.327819531114783,0.9285714285714287,0,0,0,14245
9,4,3,4,4,0,0,2.725480556997868,0.6658577729417947,0,5,2012,7670
11,5,2,3,7,0,0,3.277613436819116,0.6983673469387754,1,7,62,8766
11,4,3,3,7,0,0,3.0957952550009344,0.8313030638612035,1,0,995,11256
10,8,1,3,6,0,0,2.8464393446710154,0.7026857684752421,1,5,0,8401
11,6,2,3,7,0,0,2.9139770731827523,0.8512724014336917,1,0,0,2922
7,8,1,1,5,0,0,2.5216406363433186,0.5491872101857432,1,1,37,11529
7,4,1,1,5,0,0,2.807354922057604,0.4857142857142857,1,1,105,13880
8,4,1,1,5,1,0,3.0,0.9333333333333335,0,0,0,6574
20,4,4,7,11,0,1,3.6841837197791887,0.9333333333333335,1,0,832,7305
6,8,1,1,4,0,0,2.584962500721156,0.5852078142535782,1,5,1114,0
8,4,1,1,5,1,0,3.0,0.9333333333333335,0,0,0,6574
20,3,3,6,12,0,1,3.8841837197791884,0.9583333333333334,0,0,0,1096
10,6,2,3,6,0,0,2.7219280948873625,0.8512724014336917,1,3,204,10956
13,4,2,3,9,0,0,3.238901256602631,0.9444444444444445,1,2,0,12053
8,4,2,3,3,1,0,2.75,0.6892409092611317,0,0,0,6714
9,2,1,1,5,2,0,2.9477027792200903,0.0,0,1,0,4748
9,4,2,2,6,0,0,2.94770277922009,0.9333333333333335,0,1,0,6575
10,10,3,4,5,0,0,2.9219280948873623,0.6054429492981871,1,2,465,11627
9,7,3,3,5,0,0,2.94770277922009,0.8243021346469623,1,2,1329,9862
6,3,2,2,3,0,0,2.584962500721156,0.9090909090909091,1,1,8,10229
14,5,4,5,8,0,0,3.521640636343319,0.9473684210526316,1,4,0,8766
11,4,3,4,6,0,0,3.095795255000934,0.831439393939394,1,4,536,10591
7,4,2,3,3,0,0,2.521640636343318,0.6901145403673209,1,2,78,9130
14,4,2,4,8,0,1,3.4677201004744997,0.9473684210526315,0,0,0,1096
10,2,2,3,6,0,0,2.9219280948873623,1.0,1,1,70,9131
6,4,1,1,4,0,0,2.2516291673878226,0.9090909090909091,2,3,515,14328
5,8,1,1,3,0,0,2.321928094887362,0.9206349206349204,0,5,176,15176
13,4,3,4,5,3,0,3.238901256602631,0.8313030638612032,1,0,3658,7670
20,4,4,8,11,0,0,3.5464393446710156,0.9333333333333335,1,1,0,8401
12,4,1,3,8,0,0,3.188721875540867,0.9333333333333335,1,0,289,9131
10,4,1,3,6,0,0,2.846439344671016,0.9333333333333335,1,0,0,5113
11,13,1,4,6,0,0,2.7321588913645707,0.8477923000865163,0,0,0,8766
9,5,3,4,4,0,0,2.94770277922009,0.9333333333333333,1,10,686,9862
16,4,3,4,11,0,0,3.5,0.9473684210526315,0,0,0,6940
11,15,3,3,7,0,0,3.095795255000934,0.5802519433306775,1,1,2830,11322
18,3,4,5,11,0,1,3.7254805569978675,0.9565217391304349,1,0,1106,5479
17,4,4,7,9,0,0,3.3815804883091634,0.9545454545454547,1,1,70,8036
11,4,2,4,6,0,0,2.8453509366224368,0.7113095238095237,1,5,1324,10226
10,4,3,3,6,0,0,3.121928094887362,0.6664906564805453,1,5,2236,7670
9,5,4,4,4,0,0,3.169925001442312,0.9285714285714286,1,2,2,10593
11,4,3,3,6,0,1,3.277613436819116,0.6820180718057361,0,0,0,4018
11,8,3,3,6,1,0,3.459431618637298,0.768522162758318,1,7,615,7670
7,8,2,2,3,1,0,2.807354922057604,0.818262721755369,0,1,0,11451
12,4,2,3,8,0,0,3.2516291673878226,0.6591067884293365,1,5,312,5114
9,2,2,2,6,0,0,2.725480556997868,1.0,1,1,171,7670
10,8,3,3,6,0,0,2.9219280948873623,0.9155891210239039,1,3,0,0
10,8,1,1,8,0,0,3.121928094887362,0.7123382781277516,0,0,0,4383
9,2,2,2,6,0,0,2.94770277922009,1.0,1,1,1546,7670
9,12,4,6,2,0,0,2.725480556997868,0.613208094832136,1,2,168,0
4,4,1,1,2,0,0,2.0,0.9666666666666667,1,0,298,5844
10,4,3,4,5,0,0,3.121928094887362,0.6658005253556315,1,2,1054,12420
9,4,3,3,5,0,0,3.169925001442312,0.9666666666666667,1,5,2136,5113
11,4,2,5,5,0,0,2.7321588913645702,0.8313030638612035,1,1,350,11322
19,8,3,6,11,0,1,3.5368867237421666,0.818262721755369,1,0,0,5114
26,4,4,8,15,0,2,3.844106544814538,0.9333333333333335,1,0,0,731
6,4,1,1,4,0,0,2.584962500721156,0.9090909090909091,1,1,118,10591
17,2,2,4,11,0,1,3.4548223999466066,0.0,0,0,0,365
5,4,2,2,2,0,0,2.321928094887362,0.9444444444444445,2,0,736,8766
9,2,2,2,6,0,0,3.169925001442312,1.0,1,0,0,6574
9,8,3,4,4,0,0,2.9477027792200903,0.5288731822095127,1,0,253,5113
12,3,2,4,7,0,0,3.0220552088742005,0.9473684210526315,1,2,540,7670
13,13,3,6,6,0,0,2.931208948910323,0.8412269568276246,0,3,0,9131
11,4,2,3,7,0,0,3.0957952550009344,0.8388888888888889,1,1,833,11224
10,2,3,4,5,0,0,2.9219280948873623,1.0,1,1,1581,7670
11,4,1,3,7,0,0,3.027169118440619,0.6740815638692282,1,2,1243,11687
7,3,2,2,4,0,0,2.807354922057604,0.9432367149758454,1,8,0,10216
10,4,2,2,7,0,0,3.121928094887362,0.9333333333333335,1,5,277,7670
14,9,2,3,9,0,1,3.3248629576173574,0.6635427730622269,0,0,0,3652
19,4,4,7,10,0,1,3.5368867237421666,0.9333333333333335,1,0,0,4018
10,4,2,3,6,0,0,2.9219280948873623,0.9375,1,0,0,0
11,4,5,5,5,0,0,3.459431618637298,0.9411764705882354,1,1,118,6209
8,3,2,2,5,0,0,3.0,0.923076923076923,1,0,0,4748
10,5,1,1,8,0,0,2.9219280948873623,0.9444444444444444,1,0,0,3287
10,4,2,4,5,0,0,2.8464393446710154,0.6994047619047619,1,5,0,0
12,4,2,2,9,0,0,3.0849625007211556,0.8313030638612035,0,0,0,7305
7,2,2,4,2,0,0,1.950212064914747,1.0,1,0,125,3653
11,5,3,4,5,0,1,3.0957952550009344,0.7653679653679655,1,4,5688,0
13,2,1,3,8,0,1,3.1808329872054406,0.0,0,0,0,1096
6,4,3,3,2,0,0,2.584962500721156,0.6582320873524109,1,5,60,12055
8,3,2,2,5,0,0,3.0,0.8840579710144927,1,1,650,10218
12,4,3,4,7,0,0,3.2516291673878226,0.9666666666666667,1,7,0,5114
14,6,4,6,7,0,0,3.039148671903072,0.8254032258064515,1,2,0,12054
14,4,2,4,8,0,1,3.3248629576173565,0.9473684210526315,0,0,0,2922
13,4,4,5,7,0,0,3.238901256602631,0.6814889712766355,1,2,0,11272
10,2,3,5,4,0,0,2.7219280948873625,1.0,1,2,1762,8036
11,8,3,3,7,0,0,3.277613436819116,0.5513685412580457,1,5,3430,12054
11,6,4,4,6,0,0,3.277613436819116,0.5316526610644258,1,1,22,10957
9,4,1,1,7,0,0,2.94770277922009,0.9333333333333335,0,0,0,6575
10,4,2,3,6,0,0,2.9219280948873623,0.5757518796992481,1,2,384,9497
9,4,2,2,6,0,0,3.169925001442312,0.9545454545454547,1,0,0,0
9,2,2,2,6,0,0,2.94770277922009,1.0,1,1,255,2191
11,3,2,2,8,0,0,3.277613436819116,0.9375,1,2,57,5114
10,8,4,4,5,0,0,2.8464393446710154,0.9333333333333335,1,2,347,9132
15,6,2,5,9,0,0,2.9735572622751856,0.8478046594982078,0,1,0,7305
16,10,3,4,10,0,1,3.5,0.5783319538232402,0,0,0,1461
10,4,2,2,7,0,0,3.121928094887362,0.6666506171056222,1,5,427,8036
8,4,2,3,4,0,0,2.5,0.9375,1,1,142,0
6,4,1,1,3,1,0,2.584962500721156,0.9111111111111111,1,2,1542,10956
13,4,3,3,8,0,1,3.3927474104487847,0.9333333333333335,0,1,0,5479
10,3,1,2,7,0,0,3.1219280948873624,0.9333333333333332,0,2,0,8766
11,4,2,3,6,0,0,3.095795255000934,0.8665887812946638,0,11,0,0
10,2,4,4,5,0,0,2.8464393446710154,1.0,0,5,0,10226
12,3,4,4,7,0,0,3.418295834054489,0.9333333333333332,1,0,0,5113
10,4,4,4,5,0,0,3.121928094887362,0.6749316556192189,1,6,1299,9131
10,4,2,3,6,0,0,3.1219280948873624,0.6738980638879527,1,2,1746,12052
18,8,4,6,11,0,0,3.530493056757482,0.5750217945154261,1,5,860,6940
7,4,1,1,5,0,0,2.2359263506290326,0.6663296258847321,1,2,2579,12417
11,4,4,4,6,0,0,3.459431618637298,0.7134920634920635,1,2,0,5844
6,5,2,3,2,0,0,2.2516291673878226,0.7115797333596195,1,2,3079,8036
14,4,2,5,8,0,0,3.039148671903071,0.6886164152656544,1,5,130,7622
21,8,4,6,13,0,1,3.3866309714090583,0.6868358205544255,1,2,32,6575
6,2,1,1,3,1,0,2.584962500721156,1.0,1,2,371,12783
10,2,2,2,7,0,0,2.9219280948873623,1.0,0,5,1676,0
14,2,3,5,8,0,0,3.182005814760214,1.0,1,1,0,8035
15,8,5,6,8,0,0,3.773557262275185,0.554544063647491,1,5,4668,11322
15,4,4,7,7,0,0,3.3232314287976203,0.6744260944463168,1,1,81,10596
8,2,3,4,3,0,0,2.5,1.0,1,1,556,8766
9,2,3,3,5,0,0,3.169925001442312,1.0,1,1,70,10234
9,5,1,1,7,0,0,2.94770277922009,0.7283467741935482,0,0,0,4383
15,16,2,3,10,1,0,3.3735572622751855,0.5202968975231151,0,1,0,8766
8,4,4,5,2,0,0,2.75,0.6592791266704311,1,0,643,5113
13,3,3,3,9,0,0,3.3927474104487847,0.8333333333333334,1,5,1434,10226
9,4,3,3,5,0,0,2.94770277922009,0.9333333333333335,1,5,596,10957
10,4,3,4,5,0,0,3.121928094887362,0.6740815638692282,0,0,0,0
6,5,1,1,4,0,0,2.584962500721156,0.6980291206378162,1,4,0,10238
17,2,3,6,10,0,0,3.2195282822995477,1.0,1,1,0,10592
10,4,3,3,6,0,0,3.321928094887362,0.9285714285714287,1,1,0,9495
11,4,3,4,6,0,0,3.095795255000934,0.9333333333333335,1,7,1739,10591
4,8,1,1,2,0,0,2.0,0.9206349206349204,1,0,27,5843
10,4,2,5,4,0,0,2.6464393446710157,0.9333333333333335,1,1,220,8401
10,2,2,2,7,0,0,3.121928094887362,0.0,0,0,0,3652
17,4,4,7,9,0,0,3.3815804883091634,0.8388888888888889,0,0,0,5114
16,6,4,6,9,0,0,3.75,0.8299551971326163,1,2,2677,8401
7,5,2,3,3,0,0,2.521640636343318,0.6977907291949038,1,4,0,10246
9,2,2,2,6,0,0,3.169925001442312,1.0,1,1,123,0
10,6,1,3,6,0,0,2.6464393446710157,0.9375,0,0,0,6209
12,2,1,3,7,0,1,3.0220552088742,0.0,0,0,0,4383
15,2,4,7,7,0,0,3.189898095464287,1.0,1,1,0,8670
19,2,4,7,11,0,0,3.5766176449086657,1.0,1,8,309,9131
9,4,1,1,7,0,0,2.6416041678685933,0.6587376485253128,1,5,158,6209
11,8,2,5,5,0,0,2.845350936622437,0.5657894736842107,1,7,791,8766
12,12,3,5,6,0,0,3.188721875540867,0.8762895425589439,0,2,0,5844
13,6,4,5,7,0,0,3.0269868333592873,0.8601612903225805,0,0,0,1096
13,13,3,6,6,0,0,3.180832987205441,0.9205334987593056,0,0,0,4383
9,8,2,2,5,0,0,2.5032583347756456,0.8618570027789597,1,2,0,10726
7,8,1,1,5,0,0,2.2359263506290326,0.8618570027789597,1,2,0,14974
9,4,2,2,6,0,0,2.94770277922009,0.6815125106328344,1,5,1803,12052
9,2,2,3,5,0,0,2.9477027792200903,1.0,1,3,0,9862
15,6,3,6,8,0,0,3.323231428797621,0.86,1,1,0,10226
8,4,2,3,4,0,0,2.75,0.6906201015402229,0,1,50,8034
8,8,3,3,4,0,0,3.0,0.5773072386849478,1,2,1597,14244
9,3,1,1,6,0,1,2.94770277922009,0.9411764705882352,3,10,1394,4748
10,6,3,3,6,0,0,3.321928094887362,0.8576887900135953,1,5,0,5479
10,2,2,3,6,0,0,2.9219280948873623,1.0,0,0,0,1461
19,4,2,4,14,0,0,3.050301855434982,0.8313030638612035,0,0,0,4383
11,4,2,4,6,0,0,3.027169118440619,0.9444444444444445,0,0,0,6574
11,5,3,3,7,0,0,3.095795255000934,0.9473684210526316,1,8,0,10226
13,6,3,3,9,0,0,3.3927474104487847,0.8601612903225805,0,0,0,1461
11,5,1,3,7,0,0,2.8453509366224368,0.9375,0,0,0,6940
12,2,1,3,7,0,1,3.188721875540867,0.0,0,0,0,4383
7,8,3,3,3,0,0,2.807354922057604,0.7720170744756591,1,1,320,14679
14,4,3,5,8,0,0,3.3248629576173565,0.9333333333333335,1,1,309,6209
21,4,3,7,13,0,0,3.1182751607709758,0.6814889712766355,1,2,126,6575
11,2,3,4,6,0,0,3.095795255000934,1.0,1,1,13,10957
14,6,3,5,8,0,0,3.2359263506290326,0.8300264550264551,1,2,386,10185
12,4,4,4,7,0,0,3.2516291673878226,0.9473684210526315,1,1,700,6828
10,10,2,2,7,0,0,3.121928094887362,0.9097222222222222,0,2,0,6208
8,8,2,2,5,0,0,2.75,0.818262721755369,1,1,0,10957
12,2,3,3,8,0,0,3.418295834054489,0.0,0,0,0,2557
10,3,2,4,5,0,0,2.8464393446710154,0.9444444444444443,1,1,1169,8035
12,6,2,2,9,0,0,3.2516291673878226,0.811764705882353,0,0,0,4018
16,2,2,6,9,0,0,3.125,1.0,1,5,259,6575
9,5,2,3,5,0,0,2.4193819456463714,0.5045261931246359,1,3,769,14246
10,8,3,4,5,0,0,2.9219280948873623,0.5674124247400111,1,2,0,13513
10,4,1,1,7,0,1,3.121928094887362,0.6969928472456278,0,0,0,1826
13,3,4,6,6,0,0,3.334679141051595,0.9444444444444443,1,2,170,8401
10,4,4,5,4,0,0,3.1219280948873624,0.8313030638612032,1,5,1011,8036
9,4,2,3,5,0,0,2.94770277922009,0.6823626023828249,1,5,1100,0
7,5,2,2,4,0,0,2.807354922057604,0.6333610262286733,1,1,1043,0
9,2,2,3,5,0,0,2.725480556997868,1.0,1,5,0,10592
14,4,2,5,8,0,0,2.7534343861887853,0.9333333333333335,1,0,1138,8401
11,4,3,4,6,0,0,3.277613436819116,0.8313030638612035,0,0,0,2922
11,3,2,3,7,0,0,3.277613436819116,0.8840579710144927,1,5,2110,8035
7,2,2,3,3,0,0,2.521640636343318,1.0,1,3,5,10592
12,4,3,4,7,0,0,3.2516291673878226,0.9411764705882354,1,2,939,8036
20,4,4,10,8,0,1,3.4414460711655215,0.9333333333333335,1,1,0,6209
6,2,1,1,4,0,0,2.2516291673878226,0.0,0,1,0,12361
11,2,2,3,7,0,0,2.913977073182752,1.0,0,5,1676,9130
10,5,3,4,5,0,0,3.1219280948873624,0.5438394062078272,1,1,2562,14976
11,2,1,1,9,0,0,3.277613436819116,1.0,1,0,0,2557
11,2,2,3,7,0,0,3.277613436819116,1.0,1,2,2637,8035
11,4,3,4,6,0,0,3.277613436819116,0.9473684210526315,0,0,0,5113
12,4,3,3,8,0,0,3.084962500721156,0.9333333333333335,1,1,834,5479
15,4,3,3,11,0,0,3.456564762130953,0.9333333333333335,1,1,803,5479
15,6,3,6,8,0,0,3.2402239289418517,0.8512724014336917,0,0,0,2922
11,4,3,3,7,0,0,3.459431618637298,0.7394497251396532,1,5,86,9862
11,8,2,3,6,0,1,2.9139770731827523,0.6651248657357679,0,0,0,4748
12,4,3,5,6,0,0,3.251629167387823,0.9444444444444445,0,0,0,10956
6,6,1,1,4,0,0,2.584962500721156,0.9090909090909087,1,1,2395,14611
10,2,1,1,7,1,0,3.1219280948873624,0.0,0,0,0,1461
8,6,2,3,4,0,0,2.75,0.8477240143369176,1,1,2487,10194
16,4,3,4,11,0,0,3.625,0.6661450559327202,1,5,993,5844
12,8,3,4,6,0,1,3.2516291673878226,0.5005302282961265,1,1,0,9496
15,4,4,5,9,0,0,3.773557262275185,0.7032045623552196,1,5,6266,8036
12,8,3,5,5,0,0,3.084962500721156,0.818262721755369,1,1,1511,11083
11,3,2,3,7,0,0,3.095795255000934,0.9444444444444443,1,3,171,8036
9,4,2,3,5,0,0,2.725480556997868,0.9666666666666667,1,7,15,10591
14,4,3,4,9,0,0,3.378783493486176,0.9333333333333335,1,1,768,3653
9,4,3,4,4,0,0,2.725480556997868,0.6894019398569449,1,5,899,6940
8,4,1,1,5,1,0,2.75,0.9333333333333335,0,0,0,7670
12,5,2,2,9,0,0,3.2516291673878226,0.8092291957020187,0,0,0,1461
14,4,2,3,10,0,0,3.2359263506290326,0.6814889712766355,0,0,0,1096
9,6,2,3,5,0,0,2.94770277922009,0.8297043010752688,1,1,1117,12037
10,10,3,3,6,0,0,2.9219280948873623,0.5783319538232402,0,0,0,1096
13,3,3,4,8,0,0,3.3927474104487847,0.9444444444444443,1,1,242,8036
16,4,3,5,10,0,0,3.375,0.6818335018537244,0,0,0,5844
10,4,3,3,6,0,0,3.321928094887362,0.6663296258847321,1,5,9216,10957
7,3,2,2,4,0,0,2.521640636343318,0.9166666666666666,1,1,1324,9132
10,3,2,3,6,0,0,2.9219280948873623,0.8783068783068783,1,1,420,10957
11,2,2,2,8,0,0,3.095795255000934,1.0,1,0,228,1461
11,6,3,4,6,0,0,2.9139770731827523,0.8467562724014336,1,2,1107,15009
13,4,2,4,7,0,0,3.0269868333592873,0.9333333333333335,1,1,308,9862
7,4,1,1,5,0,0,2.5216406363433186,0.7921568627450979,1,1,768,11687
9,4,2,2,5,1,0,3.169925001442312,0.7268059768565328,1,0,1,4748
14,2,3,5,8,0,0,3.3248629576173574,0.0,0,0,0,4748
10,8,2,2,7,0,0,2.8464393446710154,0.6293266951161688,1,2,71,5844
11,4,3,4,6,0,0,3.095795255000934,0.8655582922824303,1,2,0,12052
7,6,1,1,5,0,0,2.521640636343318,0.857204301075269,1,4,0,10215
8,4,2,2,5,0,0,3.0,0.6814889712766355,1,2,1241,11322
6,8,2,2,3,0,0,2.584962500721156,0.8881281761716547,1,0,548,0
6,2,2,2,3,0,0,2.251629167387823,1.0,1,1,8,7305
6,6,1,2,3,0,0,2.2516291673878226,0.8045249937707243,1,1,1021,10226
16,6,3,6,9,0,0,3.452819531114783,0.8478046594982078,1,1,3691,10227
9,5,1,1,5,2,0,2.94770277922009,0.8120295698924732,0,0,0,7305
10,4,2,3,6,0,0,3.1219280948873624,0.6594277796502265,1,5,547,7304
14,4,4,4,9,0,0,3.521640636343319,0.7048204957425902,0,1,0,4018
8,5,2,2,5,0,0,2.75,0.9333333333333333,1,3,0,12054
16,4,3,5,10,0,0,3.202819531114783,0.8313030638612035,0,0,0,0
11,4,2,3,7,0,0,2.9139770731827523,0.7052974251154231,2,1,0,10226
9,4,1,1,7,0,0,2.4193819456463714,0.6737134939359408,0,0,0,4748
7,4,2,2,4,0,0,2.5216406363433186,0.9473684210526315,1,2,574,14610
18,8,3,5,12,0,0,3.5724312513221195,0.5323110734589528,1,2,0,10957
18,4,4,6,11,0,0,3.7254805569978675,0.9333333333333335,0,0,0,2191
10,4,2,3,6,0,0,2.9219280948873623,0.6818335018537244,1,5,0,9131
11,8,2,3,7,0,0,2.8453509366224368,0.5949875551393576,1,1,0,12298
13,4,3,3,9,0,0,3.5465935642949384,0.6964872860727259,1,5,953,8036
15,2,3,6,8,0,0,3.3232314287976212,1.0,1,1,61,7669
15,6,4,6,7,0,0,3.3735572622751855,0.8391935483870967,2,1,7168,11643
9,2,3,3,5,0,0,3.169925001442312,1.0,1,2,2227,11687
5,7,1,1,2,1,0,2.321928094887362,0.7549899051615866,1,2,509,10610
10,2,3,3,6,0,0,3.121928094887362,1.0,1,0,0,6574
13,4,2,3,9,0,0,3.392747410448785,0.9375,1,1,0,5113
16,4,4,5,10,0,0,3.452819531114783,0.7269905468085448,1,5,1238,6209
14,6,1,2,10,1,0,3.378783493486176,0.8601612903225805,0,0,0,1826
12,5,2,3,8,0,0,3.4182958340544896,0.5699863729275495,1,0,0,5113
6,6,3,3,2,0,0,2.584962500721156,0.8566129032258064,1,1,1286,12419
15,10,4,5,9,0,0,3.323231428797621,0.938624338624338,0,1,0,9497
14,4,3,5,8,0,0,3.3248629576173565,0.6818335018537244,1,1,484,7305
17,4,4,6,10,0,0,3.734521664779752,0.6658005253556315,1,4,0,8766
9,4,3,3,5,0,0,3.169925001442312,0.673920533273415,1,5,0,5479
12,4,2,3,8,0,0,3.2516291673878226,0.8313030638612035,1,1,0,2922
15,4,2,4,9,0,1,3.4565647621309536,0.9500000000000001,0,0,0,2557
11,6,3,4,6,0,0,3.277613436819116,0.8545698924731181,1,5,0,11492
7,4,1,1,5,0,0,2.807354922057604,0.6587387184960493,1,2,0,11687
10,6,4,4,5,0,0,3.321928094887362,0.8143447110584469,2,2,1287,11687
10,4,2,4,5,0,0,2.7219280948873625,0.8388888888888889,1,1,206,6940
11,4,2,4,6,0,0,3.027169118440619,0.6740580245130295,1,2,2298,10591
11,2,3,5,5,0,0,2.845350936622437,1.0,2,2,174,9900
21,4,4,8,12,0,0,3.52257158913636,0.9333333333333335,0,0,0,6209
10,4,4,4,5,0,0,3.321928094887362,0.5214460784313725,1,3,257,9862
12,4,2,2,9,0,0,3.4182958340544896,0.6902755709631343,1,0,0,2922
17,6,3,5,11,0,0,3.337175341123077,0.8604301075268818,1,5,0,8766
8,4,1,1,6,0,0,2.4056390622295662,0.9473684210526315,1,4,2356,10226
9,2,2,3,5,0,0,2.9477027792200903,1.0,1,0,700,0
12,8,4,5,6,0,0,3.4182958340544896,0.6273961931856669,1,5,776,8766
13,6,2,4,8,0,0,3.0269868333592873,0.6140350877192983,1,4,0,11687
15,4,3,4,9,0,1,3.773557262275185,0.9500000000000001,0,0,0,1461
6,2,2,2,3,0,0,2.2516291673878226,1.0,1,0,1762,10956
9,2,3,5,3,0,0,2.725480556997868,1.0,1,2,332,4018
12,2,2,4,7,0,0,2.9182958340544896,1.0,1,2,411,9862
16,4,4,7,7,0,1,3.2806390622295662,0.666329625884732,0,0,0,3287
23,4,5,9,13,0,0,3.795088586397733,0.9333333333333335,1,0,283,0
19,4,3,7,11,0,0,3.4713544870139295,0.9473684210526315,1,2,0,6209
9,6,3,4,4,0,0,2.94770277922009,0.8871131741821396,1,1,8,9861
12,4,2,4,7,0,0,3.084962500721156,0.7051139251341475,0,0,0,1826
24,4,4,9,14,0,0,3.5220552088742005,0.6964872860727259,0,1,0,5479
8,4,1,1,5,1,0,3.0,0.6728858715714127,1,0,0,4748
8,4,2,2,5,0,0,3.0,0.46244191022081577,1,5,0,8401
12,6,3,3,8,0,0,3.4182958340544896,0.8143447110584469,2,2,305,10591
15,6,3,5,9,0,0,3.240223928941852,0.9499999999999997,1,4,1388,9131
13,4,3,6,6,0,0,3.085055102756477,0.8313030638612035,0,0,0,4383
9,6,4,4,4,0,0,3.169925001442312,0.8601612903225805,0,0,0,2192
14,4,3,4,9,0,0,3.3248629576173574,0.9473684210526315,1,1,1253,11688
7,3,1,1,5,0,0,2.521640636343318,0.6624649859943977,1,2,352,5479
6,3,2,2,3,0,0,2.584962500721156,0.9090909090909091,1,1,138,12420
7,3,2,2,4,0,0,2.5216406363433186,0.9166666666666666,1,1,392,10957
7,7,1,1,5,0,0,2.521640636343318,0.9146938775510204,1,1,0,11322
8,8,2,3,4,0,0,2.75,0.9189084101382486,0,0,0,9861
15,4,3,5,9,0,0,3.4565647621309536,0.8313030638612035,1,0,884,0
13,2,3,4,8,0,0,3.085055102756477,0.0,0,0,0,2922
7,5,1,1,5,0,0,2.807354922057604,0.9473684210526316,0,0,0,6209
9,7,2,4,4,0,0,2.4193819456463714,0.9285714285714284,1,1,14,10591
9,5,2,4,4,0,0,2.4193819456463714,0.8501084304689618,1,3,0,6940
17,2,3,5,11,0,0,3.6901165175936654,1.0,1,5,1386,8073
16,4,4,6,9,0,0,3.625,0.6666741564618208,0,0,0,2557
9,4,3,3,5,0,0,2.94770277922009,0.9375,0,2,0,5844
10,4,2,2,7,0,0,3.321928094887362,0.8313030638612035,1,0,0,3287
11,4,2,3,7,0,0,3.277613436819116,0.6590832490731379,1,6,0,8035
6,3,1,1,4,0,0,2.584962500721156,0.9473684210526315,1,2,0,10592
10,8,3,4,5,0,0,2.7219280948873625,0.6073535829287726,1,1,2956,13878
9,4,2,4,4,0,0,2.5032583347756456,0.9333333333333335,1,1,310,0
11,2,3,4,6,0,0,3.2776134368191165,1.0,1,5,0,5479
11,6,2,4,6,0,0,3.027169118440619,0.8388888888888889,0,0,0,4748
13,2,2,4,8,0,0,2.6612262562697895,0.0,0,0,0,4748
12,6,4,4,7,0,0,3.4182958340544896,0.4818888699376504,1,2,644,14545
23,8,4,9,13,0,0,3.7409532604048397,0.9263547913880144,3,0,386,5479
15,4,4,5,9,0,0,3.4565647621309536,0.5240083764474007,1,1,0,8401
12,4,3,5,6,0,0,2.8553885422075336,0.6772160477094064,1,2,38,6209
12,4,3,3,8,0,0,3.584962500721156,0.6890809486360547,0,0,0,2557
10,4,1,1,7,0,1,2.9219280948873623,0.6591067884293365,0,0,0,3653
8,4,2,2,5,0,0,3.0,0.6746106643983287,1,1,949,11323
10,4,5,5,4,0,0,3.321928094887362,0.8276920645341698,1,4,1087,9862
19,10,4,7,11,0,0,3.366091329119192,0.6716719148298095,1,5,1791,11143
10,4,2,3,6,0,0,3.1219280948873624,0.9411764705882354,1,0,0,3287
17,6,4,7,8,0,1,3.572469458770136,0.8520250896057349,2,2,0,6940
10,2,2,2,7,0,0,3.121928094887362,1.0,1,2,0,5113
11,18,2,3,7,0,0,3.0957952550009344,0.5451937763810376,1,2,442,11170
15,6,4,5,8,0,1,3.640223928941851,0.8613351254480286,1,1,0,9497
12,2,4,5,6,0,0,3.418295834054489,0.0,0,0,0,731
18,3,3,4,12,0,1,3.68354236243323,0.8333333333333334,0,0,0,9497
14,2,3,5,8,0,0,3.1820058147602133,1.0,1,2,0,4748
17,2,4,6,9,0,0,3.2927701939369904,1.0,1,1,2719,11142
18,3,3,4,12,0,1,3.6835423624332306,0.9583333333333334,0,0,0,1096
12,4,3,3,8,0,0,3.418295834054489,0.754764843000137,1,5,0,4383
10,2,3,4,5,0,0,2.9219280948873623,1.0,0,5,0,10225
8,8,2,2,5,0,0,2.75,0.866666666666667,1,2,1071,13513
13,4,3,4,8,0,0,3.238901256602631,0.9444444444444445,1,2,323,10606
12,4,3,4,7,0,0,3.2516291673878226,0.8388888888888889,1,0,460,8766
12,4,4,5,6,0,0,3.4182958340544896,0.7047683245863224,1,1,0,13148
11,4,2,2,7,0,1,3.459431618637298,0.6809598707475351,1,1,1640,8766
11,2,3,4,6,0,0,2.9139770731827523,0.0,0,2,0,10958
12,6,3,4,7,0,0,3.2516291673878226,0.8601612903225805,0,0,0,2192
16,6,4,5,9,0,1,3.5,0.8601612903225805,0,0,0,1096
9,4,1,1,7,0,0,3.169925001442312,0.9285714285714287,0,5,0,11688
12,2,3,3,8,0,0,3.418295834054489,1.0,1,5,0,7305
14,2,4,5,8,0,0,3.521640636343319,1.0,1,1,1,7305
11,8,2,3,7,0,0,3.277613436819116,0.7137685843568199,1,2,4767,13148
7,2,1,1,5,0,0,2.5216406363433186,1.0,1,1,0,4017
17,2,3,6,9,0,1,3.2927701939369904,0.0,0,2,0,6105
15,8,3,7,7,0,0,3.1068905956085184,0.818262721755369,0,0,0,4748
7,2,1,1,4,1,0,2.807354922057604,1.0,1,0,1312,9132
9,4,3,4,4,0,0,2.9477027792200903,0.7113021008875405,1,5,0,9495
11,2,3,3,7,0,0,3.2776134368191165,1.0,1,1,0,4841
9,2,3,3,5,0,0,3.169925001442312,1.0,1,6,110,12783
12,6,5,6,5,0,0,3.418295834054489,0.9411764705882354,1,1,1118,8036
12,4,3,5,5,0,0,2.8553885422075336,0.9333333333333335,1,1,309,9862
13,4,2,3,9,0,0,3.0269868333592873,0.6744025550901184,1,5,1443,6209
12,2,2,5,6,0,0,2.584962500721156,1.0,2,1,660,9861
14,4,3,5,8,0,0,3.3248629576173565,0.6663060865285334,1,5,897,7305
8,4,3,3,4,0,0,2.75,0.8313030638612035,1,1,996,9862
12,2,2,2,7,1,1,3.418295834054489,1.0,3,5,0,3287
14,8,2,4,9,0,0,2.8962915290459277,0.5657894736842107,1,1,108,6798
12,4,3,4,7,0,0,2.8553885422075336,0.6892409092611317,1,2,2592,7305
9,4,1,3,5,0,0,2.6416041678685933,0.9333333333333335,1,1,1972,9862
10,4,3,3,6,0,0,2.8464393446710154,0.9333333333333335,1,1,779,10535
7,4,1,1,5,0,0,2.521640636343318,0.6744260944463168,1,2,2440,11687
8,6,2,3,4,0,0,2.75,0.9285714285714287,1,3,527,9861
5,3,2,2,2,0,0,2.321928094887362,0.9,1,1,569,9889
7,5,2,3,3,0,0,2.521640636343318,0.9285714285714286,1,1,96,11112
9,6,2,3,5,0,0,2.725480556997868,0.8300264550264551,1,2,3651,12785
8,4,2,3,4,0,0,2.5,0.9333333333333335,0,0,0,0
10,4,3,4,5,0,0,3.1219280948873624,0.8709453405017923,1,2,1562,7305
11,9,2,2,8,0,0,3.277613436819116,0.9375,1,1,112,5844
10,2,2,3,6,0,0,2.6464393446710157,1.0,1,1,1115,7305
6,4,0,0,5,0,0,2.2516291673878226,0.8313030638612035,0,0,0,4748
13,8,3,5,7,0,0,3.180832987205441,0.818262721755369,1,1,564,8401
12,4,3,4,7,0,0,3.084962500721156,0.9666666666666667,1,2,298,10227
10,2,2,2,7,0,0,2.921928094887362,1.0,1,2,0,10226
9,6,2,2,6,0,0,2.94770277922009,0.8297043010752688,0,5,0,3652
9,8,3,4,4,0,0,2.94770277922009,0.818262721755369,1,1,1494,0
10,3,2,2,7,0,0,3.121928094887362,0.9333333333333332,1,0,0,4383
12,4,3,5,6,0,0,3.188721875540867,0.6817749452734286,1,7,85,5844
9,4,3,3,5,0,0,3.169925001442312,0.9285714285714287,1,1,0,14610
11,4,3,4,6,0,0,2.913977073182752,0.831439393939394,1,4,630,11322
23,4,4,8,14,0,0,3.621175542919472,0.7046862286498282,1,0,0,2191
12,4,3,4,7,0,0,3.084962500721156,0.8313030638612035,1,0,0,8766
12,6,3,4,6,0,1,3.4182958340544896,0.8469713261648746,0,0,0,2191
15,2,3,3,10,0,1,3.773557262275185,0.0,0,0,0,2557
14,5,4,6,7,0,0,3.3248629576173565,0.9545454545454548,1,2,2037,7670
9,4,2,2,6,0,0,3.169925001442312,0.6904772278258678,1,4,430,7670
11,2,3,4,6,0,0,3.095795255000934,1.0,1,1,809,6209
10,2,3,3,6,0,0,3.321928094887362,1.0,1,1,70,10226
20,4,4,7,12,0,0,3.5841837197791886,0.6746106643983287,3,0,1499,5479
9,4,3,3,5,0,0,3.169925001442312,0.6750325893276399,1,5,1504,12052
17,6,5,7,9,0,0,3.6168746059562227,0.6561279323513365,0,1,0,4748
6,4,2,2,3,0,0,2.2516291673878226,0.9375,1,0,872,0
11,4,2,4,5,0,0,2.8453509366224368,0.931372549019608,1,4,1319,0
8,4,3,3,4,0,0,2.75,0.9473684210526315,1,5,1364,12052
11,4,2,2,8,0,0,3.277613436819116,0.6901667115235884,1,2,0,7670
11,4,2,4,6,0,0,2.8453509366224368,0.6823626023828249,1,5,10,7305
10,4,3,3,5,0,0,3.121928094887362,0.9215686274509803,1,1,8,0
9,4,1,1,6,0,1,2.94770277922009,0.6969928472456278,0,0,0,2922
11,4,2,4,6,0,0,2.8453509366224368,0.9666666666666667,1,0,298,4383
12,8,3,5,6,0,0,3.2516291673878226,0.5767320085929108,2,1,481,11689
7,6,2,2,4,0,0,2.521640636343318,0.8349014336917563,1,2,0,14610
8,4,3,3,4,0,0,3.0,0.865079365079365,1,5,0,12053
12,4,3,3,5,3,0,3.584962500721156,0.6897464704340336,1,0,19,6209
10,6,1,3,6,0,0,2.6464393446710157,0.8462365591397848,2,2,0,11324
7,4,2,2,4,0,0,2.128085278891394,0.8333333333333331,1,4,0,11687
12,2,4,4,6,0,0,3.2516291673878226,0.0,0,2,0,6575
10,2,3,3,6,0,0,3.321928094887362,1.0,1,5,1115,8036
13,4,1,4,8,0,0,2.5654483718208256,0.6747716949941419,2,4,762,12054
8,4,2,3,4,0,0,2.75,0.9473684210526315,1,2,3393,9131
12,2,3,3,8,0,0,3.2516291673878226,1.0,1,5,1891,5113
12,2,2,4,7,0,0,3.084962500721156,1.0,1,5,231,7304
11,7,3,5,5,0,0,3.027169118440619,0.6689778475492764,1,2,129,10957
8,6,3,3,4,0,0,3.0,0.8463709677419353,1,0,0,10958
11,6,2,3,7,0,0,2.6635327548042547,0.8640412186379928,1,0,0,10226
13,4,3,4,7,1,0,3.3927474104487847,0.6299342105263157,0,0,0,0
12,6,4,5,6,0,0,3.2516291673878226,0.8966666666666665,1,2,1887,8766
24,4,4,8,15,0,0,3.5849625007211565,0.6516758416657304,1,0,0,1096
15,4,4,5,8,0,0,3.6402239289418516,0.6816994192182236,1,5,0,10954
20,6,3,7,12,0,0,3.621928094887362,0.8510573476702508,1,2,1562,7670
11,2,3,4,6,0,0,3.095795255000934,0.0,0,0,0,6574
9,8,1,1,7,0,0,2.94770277922009,0.5689997263273127,1,2,0,9886
6,4,1,1,4,0,0,2.584962500721156,0.682286285711771,1,5,3046,11322
7,8,2,2,4,0,0,2.807354922057604,0.818262721755369,1,0,56,0
10,4,2,2,7,0,0,3.121928094887362,0.6666506171056222,1,2,1660,6940
14,8,3,5,8,0,0,3.378783493486176,0.5794916923944216,1,4,3447,10593
14,5,4,6,7,0,0,3.3248629576173565,0.8336424731182797,1,1,1068,10591
10,3,4,4,5,0,0,3.321928094887362,0.9333333333333332,1,1,809,7305
7,4,2,2,4,0,0,2.807354922057604,0.9473684210526315,1,5,4055,12420
13,7,2,3,9,0,0,3.238901256602631,0.6047253684082328,1,0,0,7305
8,4,2,2,5,0,0,2.75,0.9666666666666667,1,1,5292,11689
8,4,0,0,7,0,0,2.5,0.9230769230769232,0,0,0,5113
8,2,3,3,4,0,0,3.0,1.0,1,1,583,11324
9,4,1,1,7,0,0,2.94770277922009,0.6742846922382792,0,0,0,5881
11,8,2,2,8,0,0,3.277613436819116,0.6288945402722493,0,0,0,730
9,4,3,3,5,0,0,3.169925001442312,0.6747716949941419,1,2,849,10956
13,4,2,4,7,0,0,3.0269868333592873,0.9333333333333335,1,1,309,8895
10,3,2,3,5,0,0,2.9219280948873623,0.7586300586300587,1,1,3959,13879
12,4,4,4,7,0,0,3.2516291673878226,0.9411764705882354,1,1,118,6940
12,5,3,3,8,0,0,3.2516291673878226,0.8092291957020187,0,0,0,1826
10,2,3,3,6,0,0,3.321928094887362,1.0,1,1,0,12783
14,4,4,5,8,0,0,3.521640636343319,0.6738969939172165,1,5,2629,11792
17,5,4,6,9,0,1,3.4548223999466066,0.9565217391304348,0,1,0,9131
12,3,2,5,6,0,0,2.9182958340544896,0.9473684210526315,1,5,0,15438
14,6,3,4,9,0,0,3.2359263506290326,0.8257885304659498,1,8,0,12785
9,2,3,4,4,0,0,2.9477027792200903,1.0,1,0,0,10593
16,4,4,6,9,0,0,3.327819531114783,0.8313030638612035,1,0,167,8766
17,0,3,5,10,0,1,3.1307179879273743,0.0,0,0,0,7940
10,4,1,2,7,0,0,3.1219280948873624,0.6813279406808225,1,2,3408,10591
9,3,3,4,4,0,0,2.9477027792200903,0.7374999999999999,1,5,523,10225
12,4,3,4,7,0,0,3.4182958340544896,0.9285714285714287,1,6,967,14244
11,5,4,5,5,0,0,3.095795255000934,0.9411764705882353,0,1,0,2191
16,4,3,5,10,0,0,3.5,0.6592432096982147,1,2,2401,9862
11,4,2,3,7,0,0,3.0957952550009344,0.9333333333333335,1,3,289,9861
9,4,3,3,5,0,0,2.94770277922009,0.6813290106515587,1,5,71,6939
15,8,4,6,8,0,0,3.3735572622751855,0.5611885819199162,1,7,1687,8765
18,4,4,6,10,0,1,3.419381945646371,0.9333333333333335,1,1,474,4018
13,2,4,5,7,0,0,3.180832987205441,1.0,0,0,0,2922
9,4,3,4,4,0,0,2.725480556997868,0.9333333333333335,1,1,309,9337
11,2,3,4,6,0,0,3.277613436819116,1.0,1,5,1178,4748
14,8,3,4,9,0,0,3.378783493486176,0.550555906313878,0,0,0,3652
11,0,1,2,8,0,0,2.913977073182752,0.0,0,0,0,6209
18,6,5,6,11,0,0,3.3921472236645345,0.8478046594982078,1,2,373,7670
10,4,3,3,6,0,0,3.121928094887362,0.8721590909090909,1,2,1364,11321
7,4,2,2,4,0,0,2.807354922057604,0.6740580245130295,1,5,566,11322
9,2,2,2,6,0,0,3.169925001442312,1.0,1,1,2168,9862
12,4,3,4,7,0,0,3.2516291673878226,0.8787693107546048,1,0,0,5843
16,4,4,7,8,0,0,3.5,0.8313030638612032,1,0,0,10592
13,2,2,4,8,0,0,3.238901256602631,1.0,1,3,0,9861
9,4,2,3,5,0,0,2.725480556997868,0.9333333333333335,1,1,307,9287
10,4,2,3,6,0,0,2.9219280948873623,0.6589895394465174,0,0,0,3653
8,6,2,2,5,0,0,3.0,0.8295698924731182,1,0,241,11687
11,5,3,4,6,0,0,3.095795255000934,0.8875014481081216,1,1,663,14626
9,2,2,3,5,0,0,2.9477027792200903,1.0,1,1,976,5844
12,5,3,4,7,0,0,3.2516291673878226,0.9285714285714286,0,1,0,6209
10,4,2,3,6,0,0,3.1219280948873624,0.6964883560434623,1,5,953,6940
10,4,2,3,6,0,0,2.9219280948873623,0.6661450559327203,1,5,1322,11324
13,4,3,5,7,0,0,3.238901256602631,0.666835187057634,1,3,831,5114
15,4,3,6,8,0,0,2.7068905956085185,0.6589643162505626,0,5,0,4383
14,4,3,5,8,0,0,3.2359263506290326,0.6965108254289246,1,0,1064,10957
10,2,3,3,6,0,0,3.321928094887362,1.0,1,2,329,7302
13,4,3,4,8,0,0,3.3927474104487847,0.6890798786653186,2,0,108,5844
12,2,3,4,7,0,0,3.251629167387823,1.0,1,2,1515,8036
11,4,3,4,6,0,0,2.9139770731827523,0.6819281456288535,1,1,0,8128
12,8,3,4,7,0,0,2.9182958340544896,0.8010300560713716,1,1,0,12052
12,4,3,4,7,0,0,3.2516291673878226,0.71950836303718,1,7,1093,8766
5,6,1,1,3,0,0,1.9219280948873623,0.6662380149192294,1,6,58,10609
13,4,3,5,7,0,0,3.238901256602631,0.9333333333333335,0,0,0,5478
7,2,1,2,4,0,0,2.521640636343318,1.0,1,4,849,10196
13,6,4,4,7,0,0,3.5465935642949384,0.9473684210526317,1,1,0,0
6,2,2,2,3,0,0,2.584962500721156,1.0,1,1,306,10225
14,4,2,5,8,0,0,3.182005814760214,0.9333333333333335,1,0,0,0
15,8,4,6,8,0,0,3.139572261986723,0.6272422126745435,1,2,0,6209
12,2,2,3,8,0,0,3.2516291673878226,1.0,1,1,0,10226
7,4,2,3,3,0,0,2.521640636343318,0.666835187057634,1,1,0,10226
13,2,2,4,8,0,0,3.1808329872054415,1.0,1,1,0,9497
12,4,2,4,6,0,0,2.8553885422075336,0.9333333333333335,1,1,310,0
12,0,2,3,8,0,0,3.084962500721156,0.0,0,0,0,7670
15,8,3,5,9,0,0,3.5068905956085192,0.5839458292455973,1,1,1125,9861
13,4,5,5,7,0,0,3.5465935642949384,0.6813044013246238,1,5,3917,10838
9,4,3,3,5,0,0,3.169925001442312,0.6968328866205509,1,5,0,12419
15,4,3,5,9,0,0,3.506890595608519,0.6975976582871942,1,1,2301,10956
15,2,4,5,9,0,0,3.4565647621309536,1.0,1,2,0,7305
7,6,2,2,4,0,0,2.807354922057604,0.4762920611326409,1,2,0,15706
8,8,2,3,4,0,0,2.75,0.5787863190007364,1,2,1089,8400
19,4,4,6,11,0,1,3.497155802575669,0.6661685952889188,1,5,1516,9862
6,4,0,0,5,0,0,2.2516291673878226,0.8313030638612035,0,0,0,3287
11,6,2,2,8,0,0,3.095795255000934,0.640140178878569,1,2,2279,11322
10,2,4,5,4,0,0,3.1219280948873624,1.0,1,3,1762,6209
13,6,3,4,8,0,0,3.0269868333592873,0.8613351254480286,1,2,1935,10226
11,4,3,4,6,0,0,3.0957952550009344,0.6899310403860456,1,5,996,5113
12,8,2,4,6,0,0,3.084962500721156,0.818262721755369,1,1,938,0
14,3,3,4,9,0,0,3.521640636343319,0.9473684210526315,0,0,0,2191
15,4,4,6,8,0,0,3.3735572622751855,0.8585672905525846,1,1,0,11688
11,3,3,5,5,0,0,3.0957952550009344,0.9375,0,0,0,9497
5,2,1,1,3,0,0,2.321928094887362,1.0,1,1,0,9512
7,4,2,3,3,0,0,2.521640636343318,0.6768449591030237,1,4,582,6574
18,2,4,9,8,0,0,3.530493056757482,1.0,1,4,611,2557
9,8,2,2,6,0,0,2.94770277922009,0.5691229837010484,0,0,0,5479
7,3,1,2,4,0,0,1.9502120649147465,0.85,1,2,876,10144
15,4,3,5,9,0,0,3.3735572622751855,0.7350870153701297,1,1,39,6940
8,2,4,4,3,0,0,3.0,1.0,2,1,1594,10934
15,6,4,6,8,0,0,3.323231428797621,0.8389784946236559,1,2,0,10957
16,4,3,4,11,0,0,3.327819531114783,0.6899310403860454,1,7,879,8766
12,2,3,4,7,0,0,3.4182958340544896,1.0,1,0,11,3287
13,8,4,4,8,0,0,3.5465935642949384,0.6740959541711419,1,7,1762,10046
13,2,3,4,8,0,0,3.180832987205441,1.0,1,1,1727,9861
10,4,2,3,6,0,0,2.9219280948873623,0.6659615559514447,0,0,0,3653
9,4,2,3,5,0,0,2.9477027792200903,0.9473684210526315,1,3,52,6940
11,4,2,3,7,0,0,3.0957952550009344,0.7119911620417181,1,5,0,6940
13,4,3,5,7,0,0,3.180832987205441,0.6740815638692282,1,2,3713,9495
15,11,3,4,10,0,0,3.189898095464287,0.6050335586357248,1,0,2,6209
8,4,3,3,4,0,0,3.0,0.9333333333333335,1,2,2202,11324
7,2,2,2,4,0,0,2.807354922057604,1.0,1,3,823,10225
13,2,4,6,6,0,0,3.334679141051595,1.0,1,2,833,6940
11,7,3,3,7,0,0,3.0957952550009344,0.5941012587817862,1,2,27,6209
10,6,1,1,8,0,0,3.1219280948873624,0.9333333333333335,0,0,0,4383
12,8,3,4,7,0,0,3.2516291673878226,0.6651248657357679,1,3,3130,7670
14,4,3,4,9,0,0,3.3248629576173574,0.6663296258847321,1,7,1904,6575
9,2,2,4,4,0,0,2.503258334775646,1.0,1,3,103,13028
13,2,4,6,6,0,0,3.3927474104487847,1.0,1,2,0,5844
15,4,5,6,8,0,0,3.640223928941852,0.9333333333333335,1,1,1744,9862
10,4,3,4,5,0,0,2.9219280948873623,0.6732314721192375,0,0,0,7305
9,2,2,3,5,0,0,2.9477027792200903,1.0,1,5,592,5113
10,4,2,2,7,0,0,3.321928094887362,0.9666666666666667,0,0,0,3653
7,7,1,1,2,3,0,2.807354922057604,0.6689778475492764,1,4,18,10956
8,8,2,2,5,0,0,3.0,0.6019033089971305,2,5,694,8036
14,2,3,5,8,0,0,3.378783493486176,1.0,1,2,2554,5844
11,4,3,3,6,0,0,2.9139770731827523,0.9375,1,3,2789,11337
8,6,2,2,5,0,0,3.0,0.8652596843294517,0,0,0,7389
14,2,3,3,10,0,0,3.09306920777189,1.0,1,2,2125,7670
13,4,2,4,7,0,0,3.238901256602631,0.6897464704340335,1,5,40,3653
14,4,4,5,8,0,0,3.6644977792004623,0.6816500018724487,1,0,0,7670
11,4,2,3,7,0,0,3.095795255000934,0.9444444444444445,1,0,144,10591
10,6,2,3,6,0,0,2.9219280948873623,0.557807632777033,1,5,810,10956
12,4,3,5,5,0,0,2.8553885422075336,0.9333333333333335,1,1,307,8401
15,4,3,6,8,0,0,3.323231428797621,0.6659850953076434,1,5,60,4748
11,4,2,3,5,2,0,3.095795255000934,0.9411764705882354,1,1,1110,5479
8,4,2,3,4,0,0,2.75,0.8388888888888889,0,0,0,10957
9,8,2,2,6,0,0,2.94770277922009,0.9206349206349204,0,0,0,6209
8,3,2,4,3,0,0,2.5,0.9333333333333332,1,10,456,10212
8,3,3,5,2,0,0,2.4056390622295662,0.923076923076923,1,1,1324,13878
8,3,2,2,5,0,0,2.75,0.7768281101614435,1,1,0,9497
9,4,2,3,5,0,0,2.94770277922009,0.666984549100631,1,2,416,8401
11,7,3,3,4,3,0,3.459431618637298,0.9411764705882353,1,3,1310,7670
9,4,2,4,4,0,0,2.5032583347756456,0.9333333333333335,1,1,308,0
14,4,2,4,9,0,0,3.182005814760214,0.6897700097902323,1,2,4528,6209
11,2,2,2,8,0,0,3.2776134368191165,0.0,0,0,0,1096
8,4,2,3,4,0,0,2.75,0.6938616938616938,0,1,0,0
12,4,3,4,7,0,0,3.084962500721156,0.6894019398569449,0,5,0,4383
11,2,3,3,7,0,0,3.459431618637298,1.0,1,4,909,8036
17,4,5,7,9,0,0,3.8521687236032816,0.9565217391304347,0,0,0,4383
11,4,2,3,7,0,0,2.8453509366224368,0.6740580245130295,1,0,0,5479
10,8,2,4,5,0,0,2.6464393446710157,0.7598226259610932,1,1,124,9702
7,4,2,2,4,0,0,2.807354922057604,0.6732314721192375,0,0,0,0
13,4,1,3,8,1,0,3.0269868333592873,0.6818335018537244,1,6,2020,9495
28,4,4,9,16,0,2,4.110577243331643,0.697153877841441,1,0,0,1826
14,4,3,4,9,0,0,3.2359263506290334,0.6889199180402418,0,1,0,4383
11,0,2,2,8,0,0,3.095795255000934,0.0,0,0,0,6209
10,4,2,3,6,0,0,2.9219280948873623,0.9316816816816819,1,1,0,6209
11,4,3,3,7,0,0,3.277613436819116,0.6514912717137187,0,1,0,4748
10,6,4,4,5,0,0,3.321928094887362,0.8518279569892472,1,2,2586,9131
6,4,1,1,4,0,0,2.584962500721156,0.9444444444444445,2,2,177,15707
11,2,2,2,8,0,0,3.277613436819116,0.0,0,0,0,1461
9,4,3,4,4,0,0,2.725480556997868,0.9333333333333335,1,1,310,9629
13,4,1,1,11,0,0,3.085055102756477,0.6963037860914505,1,5,0,7305
11,4,3,4,6,0,0,3.277613436819116,0.6514912717137187,1,7,2178,7305
12,4,2,4,7,0,0,3.188721875540867,0.6974366276913813,1,5,2991,9861
13,8,3,4,8,0,0,3.546593564294939,0.6466165413533834,0,0,0,4017
15,4,4,5,9,0,0,3.1898980954642875,0.6748564089189012,1,0,59,0
8,4,3,4,3,0,0,2.75,0.9666666666666667,1,5,0,4383
11,4,3,3,7,0,0,3.095795255000934,0.9666666666666667,1,2,2849,12055
12,8,3,4,7,0,0,3.084962500721156,0.9151785714285714,0,0,0,4383
12,2,1,4,6,0,1,2.9182958340544896,0.0,0,0,0,4383
13,10,3,4,8,0,0,3.3927474104487847,0.6143965450734148,2,2,782,7670
17,4,4,6,10,0,0,3.4548223999466066,0.6739474812337275,1,5,2263,5113
11,4,3,5,5,0,0,3.095795255000934,0.697236907926444,1,7,167,5114
11,2,1,1,8,1,0,3.027169118440619,0.0,0,0,0,2922
9,8,2,4,4,0,0,2.6416041678685933,0.818262721755369,1,1,56,9430
9,2,3,3,5,0,0,3.169925001442312,1.0,1,5,969,12418
13,2,4,4,8,0,0,3.3927474104487847,1.0,1,2,0,10118
12,4,4,5,6,0,0,3.418295834054489,0.6963037860914505,0,0,0,2557
9,4,3,4,4,0,0,2.94770277922009,0.6892644486173304,1,1,0,0
7,4,2,3,3,0,0,2.521640636343318,0.6819945324495374,0,5,0,6209
14,4,3,4,9,0,0,3.3248629576173565,0.9545454545454547,1,2,1274,12783
7,8,1,2,4,0,0,2.521640636343318,0.6610432330827066,1,2,1331,10227
11,2,1,3,7,0,0,2.845350936622437,1.0,1,5,0,8766
10,6,3,3,6,0,0,3.321928094887362,0.9263157894736843,1,2,2467,11687
11,6,3,4,6,0,0,3.277613436819116,0.9523809523809524,1,7,0,11322
11,4,4,4,6,0,0,3.277613436819116,0.6673642875867345,1,5,5232,12783
9,8,2,3,5,0,0,2.94770277922009,0.818262721755369,1,1,1729,6305
14,5,3,4,9,0,0,3.378783493486176,0.6683956594783663,0,0,0,7670
16,8,4,7,8,0,0,3.625,0.6487403573869737,1,5,1191,9497
12,6,3,5,6,0,0,3.2516291673878226,0.8396774193548386,1,2,0,10225
14,8,4,5,7,0,0,3.378783493486176,0.5825179448253855,1,0,548,0
16,2,2,4,11,0,0,3.452819531114783,0.0,0,0,0,4018
11,8,3,3,7,0,0,3.2776134368191165,0.7702901099260615,1,2,0,11689
8,2,4,4,3,0,0,3.0,1.0,1,1,0,6940
9,8,3,4,4,0,0,2.725480556997868,0.818262721755369,1,1,2075,7670
14,2,3,4,9,0,0,3.378783493486176,1.0,1,5,1792,11324
14,2,3,5,8,0,0,3.1820058147602133,1.0,1,1,23,5113
17,4,4,6,10,0,0,3.2483650467509038,0.6902755709631342,0,5,0,3287
16,8,3,5,10,0,0,3.25,0.6288945402722493,0,0,0,10225
11,4,4,4,6,0,0,3.095795255000934,0.6894254792131437,1,5,0,3652
7,3,2,2,4,0,0,2.807354922057604,0.85570987654321,1,3,0,11323
10,3,1,1,7,0,1,3.121928094887362,0.9411764705882352,0,0,0,4383
11,6,2,2,8,0,0,3.095795255000934,0.9411764705882354,1,4,2216,10956
24,4,3,9,14,0,0,3.4906015629507228,0.7268305861834677,0,0,0,2557
14,4,3,6,6,0,1,3.182005814760214,0.6813279406808225,0,0,0,2557
10,4,3,4,5,0,0,3.1219280948873624,0.7794674859190988,1,1,1385,12054
13,4,4,4,7,0,1,3.7004397181410926,0.9523809523809524,0,0,0,4018
6,4,2,2,2,1,0,2.584962500721156,0.9473684210526315,0,1,0,4018
12,6,2,3,6,2,0,2.918295834054489,0.86,1,5,0,6940
11,5,4,4,6,0,0,3.277613436819116,0.9444444444444444,1,7,2809,6209
7,4,1,1,5,0,0,2.5216406363433186,0.704744785230124,0,0,0,9862
14,3,5,5,8,0,0,3.6644977792004623,0.5133333333333333,1,2,561,14940
9,2,2,2,6,0,0,2.94770277922009,1.0,1,5,1089,10226
13,8,4,5,7,0,0,3.3927474104487847,0.6616541353383459,1,0,0,5479
11,4,4,4,6,0,0,3.459431618637298,0.8313030638612035,1,1,555,13515
10,4,3,3,6,0,0,3.121928094887362,0.6882062475591293,1,1,44,6940
10,4,2,3,6,0,0,2.446439344671015,0.6892409092611317,1,5,1480,7831
13,4,4,6,6,0,0,3.0269868333592873,0.6897700097902323,0,1,0,2191
11,4,3,3,7,0,0,3.2776134368191165,0.6666506171056221,1,2,0,5844
10,2,3,4,5,0,0,2.9219280948873623,0.0,0,2,0,7670
13,6,2,5,7,0,0,3.0269868333592873,0.8518817204301075,1,6,0,12052
13,2,4,6,6,0,0,3.238901256602631,1.0,1,5,337,10227
11,2,3,3,7,0,0,3.095795255000934,1.0,1,1,1098,2922
15,8,1,5,9,0,0,2.8159220638351665,0.7768390448504208,1,0,0,8400
7,4,1,1,5,0,0,2.521640636343318,0.6592667490544133,1,2,1015,10591
7,4,2,2,4,0,0,2.5216406363433186,0.9023873228221054,1,1,4842,0
13,2,4,6,6,0,0,3.334679141051595,1.0,1,5,561,2557
11,2,3,4,6,0,0,3.0957952550009344,1.0,2,7,176,6940
12,4,3,5,5,0,0,3.084962500721156,0.666835187057634,2,5,40,0
11,5,2,3,7,0,0,2.6635327548042547,0.9473684210526316,1,2,0,10957
10,4,2,3,6,0,0,3.1219280948873624,0.9666666666666667,1,5,1528,7251
10,2,2,2,7,0,0,3.121928094887362,1.0,1,1,21,5479
22,2,5,7,14,0,0,4.004886164091842,1.0,1,0,6,4749
10,2,2,4,5,0,0,2.6464393446710157,1.0,0,0,9,8036
10,6,3,3,6,0,0,3.321928094887362,0.8458333333333333,1,1,0,11323
14,4,4,5,8,0,0,3.378783493486176,0.6744260944463168,0,5,0,4018
13,4,2,4,8,0,0,3.238901256602631,0.658232087352411,1,7,1957,5479
10,8,2,4,5,0,0,2.7219280948873625,0.6877013963480125,1,5,1934,11687
10,8,3,3,6,0,0,3.121928094887362,0.5428691432004675,1,5,1137,6574
16,2,4,7,8,0,0,3.5,1.0,1,5,1671,10957
11,4,2,3,7,0,0,2.8453509366224368,0.9333333333333335,1,0,596,7669
7,3,1,1,5,0,0,2.807354922057604,0.8333333333333334,1,4,0,10241
16,2,3,6,9,0,0,3.25,1.0,1,0,31,2191
7,4,1,1,5,0,0,2.128085278891394,0.6751162255712306,3,1,1057,3287
12,4,2,4,7,0,0,3.0220552088742,0.6809598707475351,1,1,2762,11689
8,2,3,3,4,0,0,3.0,1.0,1,2,0,10237
5,2,2,2,2,0,0,2.321928094887362,1.0,1,1,70,9516
8,4,2,2,5,0,0,3.0,0.9473684210526315,0,5,0,12419
12,4,4,4,7,0,0,3.418295834054489,0.9666666666666667,1,5,2814,6940
14,4,4,5,8,0,0,3.378783493486176,0.6590832490731379,1,1,736,8400
11,2,2,3,6,0,0,2.7321588913645702,1.0,1,1,1328,7670
6,7,2,2,3,0,0,2.584962500721156,0.5924520501035815,1,1,550,4017
12,6,3,3,8,0,0,3.188721875540867,0.9411764705882354,0,0,0,5844
14,8,2,4,9,0,0,3.2359263506290326,0.580827067669173,1,5,0,9495
7,6,2,2,4,0,0,2.807354922057604,0.8385573476702508,1,4,0,9181
10,4,2,3,6,0,0,2.9219280948873623,0.6663296258847321,1,5,973,11689
10,2,3,3,6,0,0,3.1219280948873624,1.0,1,5,918,6209
11,4,3,3,7,0,0,3.027169118440619,0.9333333333333335,1,0,0,5479
6,2,1,1,4,0,0,2.2516291673878226,1.0,1,3,1184,9871
12,4,2,3,8,0,0,3.2516291673878226,0.6817156390018854,1,5,1379,11688
14,2,3,4,9,0,0,3.2359263506290326,1.0,0,5,1671,4018
15,9,3,5,9,0,0,3.139572261986723,0.867884565750419,1,1,0,12054
11,2,1,1,8,1,0,3.027169118440619,0.0,0,0,0,2922
16,4,4,7,7,0,1,3.077819531114783,0.6739205332734151,0,1,0,6574
10,5,3,4,5,0,0,2.9219280948873623,0.572766118374867,1,1,3596,11324
8,3,1,1,6,0,0,2.0,0.9476923076923077,1,1,534,9862
10,4,2,3,6,0,0,2.9219280948873623,0.6819945324495377,1,1,0,8821
15,2,2,5,9,0,0,3.0565647621309537,1.0,1,0,2029,6575
8,4,3,3,3,0,1,3.0,0.690114540367321,1,2,2,2922
11,2,3,3,7,0,0,3.277613436819116,0.0,0,0,0,731
10,2,2,3,6,0,0,3.1219280948873624,1.0,1,6,0,4383
11,4,3,3,6,0,1,3.459431618637298,0.8313030638612035,0,0,0,2557
15,8,4,5,9,0,0,3.32323142879762,0.5886764288908465,1,5,1339,11322
7,4,2,3,3,0,0,2.521640636343318,0.8313030638612035,1,1,890,10957
8,2,2,2,5,0,0,2.75,1.0,1,2,0,10226
21,8,4,7,13,0,0,3.6897037321995474,0.5492961808334448,0,0,0,4383
17,2,4,6,10,0,0,3.6168746059562227,1.0,1,5,1036,8766
15,6,4,5,9,0,0,3.0565647621309533,0.8478046594982078,0,2,0,6209
9,4,2,3,5,0,0,2.725480556997868,0.9333333333333335,1,1,15,8401
22,4,4,9,12,0,0,3.663532754804254,0.8382352941176471,1,2,1495,10957
9,4,3,3,5,0,0,3.169925001442312,0.704584824605047,1,5,362,10593
9,4,3,4,4,0,0,2.94770277922009,0.8284313725490197,1,1,1164,9468
12,4,2,3,8,0,0,3.084962500721156,0.9666666666666667,1,5,1161,8240
9,2,3,3,5,0,0,2.9477027792200903,1.0,1,1,0,10240
14,4,2,4,9,0,0,3.1820058147602133,0.6661450559327203,1,2,0,9860
13,4,3,4,8,0,0,3.238901256602631,0.6748715587318266,1,5,0,4383
6,4,2,2,3,0,0,2.2516291673878226,0.9333333333333335,1,2,56,11322
10,2,3,3,6,0,0,3.121928094887362,1.0,1,7,0,12420
8,2,3,3,4,0,0,2.75,1.0,1,5,889,13820
7,4,1,1,5,0,0,2.807354922057604,0.6744025550901181,1,1,536,11324
9,4,2,3,5,0,0,2.9477027792200903,0.6819945324495374,1,7,525,11688
12,4,2,3,8,0,0,3.251629167387823,0.6897464704340336,1,1,124,8035
8,4,1,2,5,0,0,2.5,0.8388888888888889,1,1,346,10591
21,8,4,7,11,0,2,3.52257158913636,0.818262721755369,0,0,0,7939
6,6,0,0,2,3,0,2.584962500721156,0.9411764705882354,1,3,1520,8401
8,2,2,2,5,0,0,2.75,1.0,1,5,1038,9131
13,5,3,3,9,0,0,3.238901256602631,0.6683956594783663,0,0,0,4383
13,9,4,5,7,0,0,3.3927474104487847,0.5522029854355119,1,1,0,14729
8,4,2,2,5,0,0,3.0,0.6675999587242775,1,1,2862,11582
10,4,2,4,5,0,0,2.4464393446710155,0.682523632978638,1,5,0,4748
15,5,1,2,12,0,0,3.1898980954642875,0.8051027992475361,0,0,0,1461
13,4,4,6,6,0,0,3.238901256602631,0.9444444444444445,1,1,794,1461
19,2,5,9,9,0,0,3.6163485660751635,1.0,1,5,0,7305
10,6,2,4,5,0,0,2.9219280948873623,0.5124342891278375,1,2,2627,6940
13,4,2,4,8,0,0,3.085055102756477,0.9333333333333335,1,7,0,6940
8,4,2,2,4,1,0,3.0,0.8635897435897436,1,1,0,8034
7,8,1,1,5,0,0,2.5216406363433186,0.5792465858523863,0,7,0,5843
11,4,3,3,4,3,0,3.459431618637298,0.6818335018537244,1,9,0,8766
12,2,3,3,8,0,0,3.2516291673878226,1.0,1,2,363,7305
15,6,3,6,8,0,0,3.456564762130954,0.8512724014336917,0,0,0,2922
15,4,2,5,9,0,0,3.106890595608519,0.7047683245863224,1,2,1671,9497
15,4,5,6,8,0,0,3.640223928941851,0.7038946934801332,1,1,1,7305
12,4,4,7,4,0,0,2.855388542207534,0.6511702804928285,1,3,1496,10309
13,6,3,4,7,0,1,3.546593564294939,0.8395430107526881,0,0,0,4748
10,2,2,3,6,0,0,3.1219280948873624,1.0,1,4,0,8766
11,14,4,4,5,0,0,3.277613436819116,0.7794227000289295,1,2,0,0
11,2,2,4,6,0,0,2.9139770731827523,0.0,0,2,0,5844
9,4,3,3,5,0,0,2.9477027792200903,0.9666666666666667,1,5,495,11323
8,15,1,3,4,0,0,2.4056390622295662,0.4353047853047853,1,3,323,8036
9,4,2,3,5,0,0,2.503258334775646,0.9333333333333335,1,1,308,8400
18,4,3,5,12,0,0,3.5724312513221195,0.6814889712766355,1,5,2286,7670
8,4,2,2,5,0,0,2.75,0.6747975729837181,1,5,13,5114
10,6,2,4,5,0,0,2.8464393446710154,0.8387813620071684,1,1,478,8401
10,3,3,3,6,0,0,3.321928094887362,0.9333333333333332,1,0,292,6209
13,6,4,5,7,0,0,3.3927474104487847,0.8304569892473117,1,5,427,7670
14,2,4,6,7,0,0,3.378783493486176,1.0,1,0,618,10225
12,2,3,4,7,0,0,3.4182958340544896,1.0,1,1,2240,9862
13,4,3,4,8,0,0,3.3927474104487847,0.7042402940279583,0,5,0,4383
14,4,4,7,6,0,0,3.378783493486176,0.9666666666666667,0,0,0,4748
9,8,3,4,4,0,0,2.94770277922009,0.818262721755369,1,1,1391,0
10,8,3,3,6,0,0,3.321928094887362,0.6119521777416514,1,5,0,10957
11,6,4,4,6,0,0,3.095795255000934,0.8481541218637992,2,4,4149,10791
22,4,4,7,14,0,0,3.6978458230844127,0.6663296258847321,1,5,0,9497
11,6,3,4,6,0,0,3.095795255000934,0.9375,0,0,0,2557
9,4,1,1,7,0,0,2.94770277922009,0.9444444444444445,1,0,0,8401
14,4,1,3,10,0,0,2.9852281360342516,0.6823390630266263,0,0,0,2922
14,4,3,6,7,0,0,3.2359263506290326,0.666835187057634,1,1,81,9130
7,4,2,3,3,0,0,2.2359263506290326,0.8314393939393939,1,1,2159,0
10,6,2,3,6,0,0,2.9219280948873623,0.8613351254480286,1,1,1935,0
15,4,3,3,11,0,0,3.5068905956085183,0.9473684210526315,1,0,0,8035
10,4,3,3,6,0,0,2.846439344671016,0.9375,1,1,0,9496
9,2,2,2,6,0,0,3.169925001442312,1.0,1,3,344,3653
16,4,3,4,11,0,0,3.75,0.9473684210526315,1,1,1375,8766
14,8,2,3,10,0,0,3.521640636343319,0.5792465858523863,0,0,0,2192
18,6,5,6,11,0,0,3.6143694458867563,0.8257885304659497,1,1,2966,11321
15,4,3,5,9,0,0,3.4565647621309536,0.865079365079365,1,2,1622,10227
14,6,3,4,8,0,1,3.521640636343319,0.86,1,0,0,4383
12,5,2,2,9,0,0,3.418295834054489,0.8092291957020187,0,0,0,2557
17,4,4,7,8,0,1,3.6168746059562222,0.8313030638612035,0,0,0,4018
14,8,3,4,9,0,0,3.378783493486176,0.5610376873861675,1,1,1283,9862
7,7,2,2,4,0,0,2.5216406363433186,0.7134728622631847,1,1,4340,0
11,10,2,3,7,0,0,3.277613436819116,0.6701169590643274,1,2,0,9860
13,4,2,3,9,0,0,3.392747410448785,0.688550778136218,1,4,0,14609
10,4,3,5,4,0,0,2.8464393446710154,0.6821791024015494,0,0,0,6209
8,2,2,2,5,0,0,2.75,1.0,1,1,0,11102
13,4,2,4,7,0,0,3.0269868333592873,0.9333333333333335,1,1,308,8765
9,4,3,3,5,0,0,3.169925001442312,0.6888953087133066,1,1,886,7671
10,6,3,4,5,0,0,3.121928094887362,0.8430913978494623,1,2,0,8766
13,2,3,5,7,0,0,2.9689185639620974,1.0,1,5,6173,4383
7,4,3,3,3,0,0,2.807354922057604,0.8850301039956213,1,1,553,10196
13,4,2,4,7,0,0,2.873140679513133,0.9333333333333335,1,1,310,8400
16,4,3,7,8,0,0,3.2806390622295662,0.6816489319017126,1,5,40,4383
10,6,2,3,5,1,0,2.9219280948873623,0.9375,1,2,0,9496
10,2,4,4,5,0,0,3.321928094887362,1.0,1,5,0,13809
12,5,2,2,9,0,0,3.2516291673878226,0.7766072151521068,0,0,0,4383
15,4,3,4,10,0,0,3.506890595608519,0.720778831698953,2,1,214,4383
12,6,3,4,7,0,0,3.2516291673878226,0.7665662839575883,1,2,841,9497
9,6,3,3,5,0,0,2.94770277922009,0.8567473118279569,1,2,1272,10225
17,7,4,7,9,0,0,3.4548223999466066,0.8966300366300368,1,2,1501,9862
10,8,4,4,4,0,0,3.121928094887362,0.5773072386849478,1,2,2273,9862
9,8,2,3,5,0,0,2.725480556997868,0.7447545077608141,1,2,2827,14609
15,2,4,4,10,0,0,3.3735572622751855,1.0,1,7,1794,10591
11,4,2,3,7,0,0,2.7321588913645702,0.9090909090909091,1,1,550,12418
11,4,4,4,6,0,0,3.277613436819116,0.831439393939394,0,5,0,10226
11,6,3,4,6,0,0,3.277613436819116,0.8295698924731184,1,2,1646,11331
8,4,1,1,6,0,0,2.75,0.6744260944463168,1,1,0,0
9,2,1,1,6,1,0,3.169925001442312,1.0,1,0,0,8401
15,4,1,3,9,0,2,3.323231428797621,0.9500000000000001,0,0,0,2922
12,6,3,3,8,0,0,3.2516291673878226,0.8385035842293908,1,2,0,13150
8,2,2,2,5,0,0,2.5,1.0,1,2,4053,12055
16,4,4,5,10,0,0,3.625,0.8313030638612032,0,0,0,2191
11,4,2,3,7,0,0,2.913977073182752,0.6583931179482242,1,5,0,9131
16,4,3,6,8,0,1,3.452819531114783,0.7202732705260511,0,0,0,4018
11,6,2,2,7,0,1,3.277613436819116,0.712151067323481,0,0,0,1461
11,6,3,3,7,0,0,3.277613436819116,0.8557338086749852,1,10,2531,8766
16,4,4,6,9,0,0,3.625,0.6666752264325572,1,2,867,10225
11,6,3,4,6,0,0,3.277613436819116,0.9523809523809524,1,5,0,5479
11,4,3,4,6,0,0,3.095795255000934,0.6826144933040293,1,2,0,10957
13,4,3,5,7,0,0,2.873140679513133,0.6738969939172165,1,0,1171,9495
13,6,3,4,8,0,0,3.3927474104487847,0.6852975478990515,0,0,0,2191
13,2,3,3,9,0,0,3.5465935642949384,1.0,1,4,0,1826
8,2,3,3,4,0,0,3.0,1.0,1,4,33,10958
4,4,1,1,2,0,0,2.0,0.9333333333333335,1,0,30,5843
5,3,0,0,4,0,0,1.9219280948873623,0.6846153846153845,1,2,1430,10226
12,4,2,3,8,0,0,3.251629167387823,0.6813279406808225,1,5,2286,7669
15,4,3,3,11,0,0,3.5068905956085183,0.6518358022908074,1,5,2852,8036
13,4,3,3,9,0,0,3.238901256602631,0.7044237940092338,1,1,997,10226
10,4,3,3,6,0,0,3.121928094887362,0.6966718560247379,1,2,49,9862
13,4,4,4,8,0,0,3.5465935642949384,0.6813044013246237,0,5,0,4748
11,4,3,4,6,0,0,3.095795255000934,0.831439393939394,1,1,630,10226
12,4,1,3,8,0,0,3.0220552088742,0.6742425944650413,1,2,404,10958
9,8,2,3,5,0,0,2.94770277922009,0.7979250892388505,1,1,9,10957
9,2,2,2,6,0,0,2.725480556997868,1.0,1,5,383,12012
9,6,1,2,6,0,0,2.9477027792200903,0.8515591397849461,1,2,0,9861
9,2,2,2,6,0,0,2.9477027792200903,1.0,1,2,29,10613
13,8,2,4,7,0,0,3.085055102756477,0.818262721755369,1,1,1557,10958
13,4,3,3,9,0,0,3.546593564294939,0.6661450559327202,0,0,0,3652
15,6,3,4,10,0,0,3.640223928941852,0.86,1,5,445,6940
6,4,2,2,3,0,0,2.2516291673878226,0.9166666666666666,1,1,264,10196
15,4,5,7,7,0,0,3.640223928941852,0.9411764705882354,1,1,0,3287
15,4,4,5,9,0,0,3.3735572622751855,0.6673488317289644,1,5,1561,10226
12,4,3,4,7,0,0,3.4182958340544896,0.6506411799637281,1,7,0,5479
5,4,1,1,3,0,0,2.321928094887362,0.6887353480882297,1,5,0,0
14,10,3,4,9,0,0,3.182005814760214,0.6506953658656441,0,2,0,5844
11,4,3,4,6,0,0,3.095795255000934,0.9375,1,1,0,7305
10,6,3,3,6,0,0,2.846439344671015,0.8601612903225805,1,5,1013,10592
13,4,2,4,8,0,0,3.0269868333592873,0.6890798786653186,1,7,632,6209
14,3,4,5,8,0,0,3.378783493486176,0.9473684210526315,1,5,1053,6110
9,5,1,1,7,0,0,2.725480556997868,0.8120295698924732,0,0,0,6209
11,5,2,3,7,0,0,3.277613436819116,0.9473684210526316,1,6,0,8401
9,10,2,2,6,0,0,3.169925001442312,0.5725359814507216,0,0,0,5479
14,2,4,5,8,0,0,3.521640636343319,1.0,1,0,45,2922
14,2,4,6,7,0,0,3.378783493486176,1.0,1,5,492,4748
11,8,2,4,6,0,0,2.913977073182752,0.765797258836794,1,2,1294,8035
6,6,1,1,4,0,0,2.2516291673878226,0.8342562724014335,1,1,0,12052
12,2,3,4,7,0,0,3.084962500721156,1.0,1,10,430,8035
12,2,5,7,4,0,0,3.2516291673878226,0.0,0,0,0,1826
12,4,3,3,8,0,0,3.188721875540867,0.754764843000137,1,10,1867,6425
8,4,2,2,5,0,0,3.0,0.6658005253556315,1,5,60,8035
9,4,3,4,4,0,0,2.94770277922009,0.6740815638692282,1,6,1322,4748
13,2,4,5,7,0,0,3.392747410448785,1.0,1,5,1214,5844
7,4,2,2,4,0,0,2.5216406363433186,0.666835187057634,1,0,0,5556
13,4,4,5,7,0,0,3.3927474104487847,0.6666741564618208,1,1,3420,10838
17,2,3,6,10,0,0,3.337175341123077,1.0,1,1,257,9131
9,2,3,4,4,0,0,2.94770277922009,1.0,1,1,1410,6209
10,4,1,2,7,0,0,2.7219280948873625,0.70466785469005,0,0,0,731
10,2,2,3,6,0,0,3.1219280948873624,1.0,1,5,1308,4383
10,2,3,4,4,0,1,2.9219280948873623,1.0,1,2,176,5113
12,6,5,6,5,0,0,3.418295834054489,0.6071459601894383,0,2,0,15366
12,4,4,4,7,0,0,3.584962500721156,0.65114674113663,1,5,1105,10227
10,8,2,3,6,0,0,3.121928094887362,0.7659093768208062,1,1,0,11322
11,4,2,4,6,0,0,3.0957952550009344,0.5903352130325814,1,2,30,11687
24,4,5,9,14,0,0,3.6258145836939115,0.6815125106328342,0,0,0,5479
14,2,3,5,8,0,0,3.235926350629033,1.0,1,7,0,8401
11,8,1,3,7,0,0,2.8453509366224368,0.5755235708484046,1,5,1405,9131
10,6,1,3,6,0,0,2.3709505944546687,0.8519713261648744,1,2,0,10592
12,2,3,5,6,0,0,2.8553885422075336,1.0,1,5,55,0
7,4,2,2,4,0,0,2.807354922057604,0.9565217391304347,1,1,1673,10784
7,6,3,3,3,0,0,2.807354922057604,0.9256956115779646,1,1,469,9861
9,8,2,4,4,0,0,2.6416041678685938,0.928571428571428,1,2,613,8766
10,4,1,2,7,0,0,3.1219280948873624,0.6740815638692282,1,1,664,13881
9,2,3,3,5,0,0,2.94770277922009,1.0,1,2,324,7670
13,3,3,4,8,0,0,3.0269868333592873,0.9333333333333332,1,0,0,4018
11,4,3,4,6,0,0,3.095795255000934,0.6963037860914504,1,2,0,10957
28,4,4,9,18,0,0,3.597558387024489,0.8388888888888889,0,0,0,2191
11,2,3,5,5,0,0,2.6635327548042547,1.0,1,2,5863,10781
11,4,2,3,7,0,0,3.277613436819116,0.9666666666666667,1,5,0,4748
13,2,3,4,8,0,0,3.238901256602631,1.0,1,5,1631,6210
11,6,3,4,6,0,0,3.0957952550009344,0.7929824561403507,1,2,44,12782
8,4,2,2,5,0,0,2.75,0.7570690890599358,1,2,798,0
8,4,1,1,5,1,0,3.0,0.8313030638612035,1,0,350,4383
7,8,2,3,3,0,0,2.521640636343318,0.5773072386849478,1,2,1578,0
9,4,2,3,5,0,0,2.9477027792200903,0.8571428571428572,1,2,4,9497
11,2,2,4,6,0,0,2.913977073182752,1.0,1,1,0,8766
8,6,1,1,6,0,0,2.4056390622295662,0.9166666666666664,1,7,0,11323
19,4,4,6,11,0,0,3.471354487013929,0.674426094446317,1,5,2044,10227
10,4,3,4,5,0,0,3.1219280948873624,0.8313030638612032,1,2,2530,0
12,4,3,3,8,0,0,3.418295834054489,0.6733914327443143,1,2,680,11689
12,4,3,5,6,0,0,3.084962500721156,0.5938271604938272,1,4,2141,11689
10,4,3,3,5,1,0,3.321928094887362,0.7199276699782261,1,5,0,9861
9,4,2,4,4,0,0,2.725480556997868,0.850877192982456,1,1,55,8399
8,3,3,4,3,0,0,2.75,0.9411764705882352,1,4,0,10246
10,4,1,2,7,0,0,2.9219280948873623,0.8313030638612035,0,0,0,6209
10,4,1,1,8,0,0,2.9219280948873623,0.9655172413793104,1,1,457,9861
19,4,4,7,10,0,0,3.3660913291191923,0.6742425944650413,1,5,1986,4588
12,3,3,4,6,0,0,3.2516291673878226,0.784313725490196,1,1,0,0
14,4,4,5,8,0,0,3.521640636343319,0.6748227617792835,0,5,992,5479
6,6,1,1,4,0,0,1.7924812503605778,0.8391129032258063,1,2,997,9169
11,2,4,4,6,0,0,3.459431618637298,1.0,1,7,1368,8035
9,4,3,3,5,0,0,2.94770277922009,0.6899310403860454,1,5,1342,9862
10,4,3,3,6,0,0,3.321928094887362,0.6902755709631342,1,5,1729,9495
10,8,2,3,6,0,0,2.9219280948873623,0.776054322022064,2,0,32,3653
9,4,2,4,4,0,0,2.725480556997868,0.9333333333333335,1,2,1179,8036
10,6,3,3,6,0,0,3.121928094887362,0.8681272401433691,1,5,0,14246
18,4,4,7,10,0,0,3.6835423624332306,0.8469785575048733,1,5,13,5113
15,4,4,4,10,0,0,3.3232314287976203,0.6910739553690058,1,0,6973,6175
9,4,3,4,4,0,0,2.94770277922009,0.7448228414172687,1,2,0,15272
9,2,2,3,5,0,0,2.9477027792200903,1.0,1,5,269,6575
6,6,1,1,4,0,0,2.584962500721156,0.8888888888888892,1,1,1049,0
11,4,3,4,6,0,0,3.277613436819116,0.6813279406808223,1,2,1755,12052
9,6,2,2,6,0,0,2.725480556997868,0.8295698924731182,1,2,0,11689
12,4,3,5,6,0,0,3.2516291673878226,0.8313030638612035,3,0,350,10226
9,4,2,3,4,0,1,2.94770277922009,0.9285714285714287,1,3,850,9862
10,6,4,4,5,0,0,2.9219280948873623,0.8601612903225805,0,0,0,0
13,4,4,4,8,0,0,3.7004397181410926,0.6818335018537244,1,5,0,9862
17,4,2,6,10,0,0,2.86658710582896,0.6806153401704463,1,5,1000,7670
7,2,3,3,2,1,0,2.807354922057604,0.0,0,0,0,3287
19,9,4,7,11,0,0,3.5766176449086657,0.7620294315700751,1,5,996,8401
12,2,3,4,7,0,0,3.4182958340544896,1.0,1,0,0,1826
12,3,2,4,7,0,0,3.0220552088742,0.9444444444444443,1,5,954,7670
7,8,1,1,5,0,0,2.5216406363433186,0.5760400545239657,1,1,3803,11321
13,4,3,5,7,0,0,3.0269868333592873,0.9473684210526315,1,5,1633,12052
13,8,2,4,7,0,0,2.8731406795131336,0.818262721755369,1,1,2768,10226
18,4,3,8,9,0,0,3.169925001442312,0.6748715587318266,1,5,0,3287
8,3,2,2,5,0,0,3.0,0.9476923076923077,1,2,0,9862
8,4,3,5,2,0,0,2.5,0.6735524633401276,1,1,2107,5113
12,4,3,4,7,0,0,2.584962500721156,0.6669509363614027,0,1,0,10956
11,6,2,4,6,0,0,2.9139770731827523,0.9523809523809524,1,4,1513,10592
7,6,3,4,2,0,0,2.5216406363433186,0.8561290322580644,1,2,524,13884
9,4,1,1,7,0,0,2.94770277922009,0.8313030638612035,0,0,0,1826
16,6,4,7,8,0,0,3.5,0.8434229390681003,1,2,3541,8036
